<?xml version= "1.0"?>

<KonfigStrompfadAnime xmlns="http://www.ipec.ethz.ch">


<!-- Kontinuierlicher Laststrom -->
<strompfad>
  <zustandsNr>11,12,13,14,15,16,21,22,23,24,25,26,31,32,33,34,35,36,41,42,43,44,45,46,51,52,53,54,55,56,61,62,63,64,65,66</zustandsNr>
  <farbe>0xcd5c5c</farbe>
  <xy-Eckpunkte>460,0, 580,0, 580,240, 460,240</xy-Eckpunkte>
</strompfad>



<!-- Phase R ueber oberen Schalter -->
<strompfad>
  <zustandsNr>14,15,16,17,24,25,26,27,64,65,66,67</zustandsNr>
  <farbe>0xff0000</farbe>
  <xy-Eckpunkte>0,120, 0,40, 260,40, 300,20, 300,0, 460,0</xy-Eckpunkte>
</strompfad>
<strompfad>
  <zustandsNr>34,35,36,37,44,45,46,47,54,55,56,57</zustandsNr>
  <farbe>0xff0000</farbe>
  <xy-Eckpunkte>460,0, 300,0, 300,20, 260,40, 0,40, 0,120</xy-Eckpunkte>
</strompfad>

<!-- Phase R ueber unteren Schalter -->
<strompfad>
  <zustandsNr>10,11,12,13,20,21,22,23,60,61,62,63</zustandsNr>
  <farbe>0xff0000</farbe>
  <xy-Eckpunkte>0,120, 0,40, 260,40, 300,60, 300,240, 460,240</xy-Eckpunkte>
</strompfad>
<strompfad>
  <zustandsNr>30,31,32,33,40,41,42,43,50,51,52,53</zustandsNr>
  <farbe>0xff0000</farbe>
  <xy-Eckpunkte>460,240, 300,240, 300,60, 260,40, 0,40, 0,120</xy-Eckpunkte>
</strompfad>



<!-- Phase S ueber oberen Schalter -->
<strompfad>
  <zustandsNr>22,23,26,27,32,33,36,37,42,43,46,47</zustandsNr>
  <farbe>0x00bfff</farbe>
  <xy-Eckpunkte>0,120, 340,120, 380,100, 380,5, 460,5</xy-Eckpunkte>
</strompfad>
<strompfad>
  <zustandsNr>12,13,16,17,52,53,56,57,62,63,66,67</zustandsNr>
  <farbe>0x00bfff</farbe>
  <xy-Eckpunkte>460,5, 380,5, 380,100, 340,120, 0,120</xy-Eckpunkte>
</strompfad>

<!-- Phase S ueber unteren Schalter -->
<strompfad>
  <zustandsNr>30,31,34,35,40,41,44,45,50,51,54,55</zustandsNr>
  <farbe>0x00bfff</farbe>
  <xy-Eckpunkte>0,120, 340,120, 380,140, 380,235, 460,235</xy-Eckpunkte>
</strompfad>
<strompfad>
  <zustandsNr>10,11,14,15,20,21,24,25,60,61,64,65</zustandsNr>
  <farbe>0x00bfff</farbe>
  <xy-Eckpunkte>460,235, 380,235, 380,140, 340,120, 0,120</xy-Eckpunkte>
</strompfad>



<!-- Phase T ueber oberen Schalter -->
<strompfad>
  <zustandsNr>41,43,45,47,51,53,55,57,61,63,65,67</zustandsNr>
  <farbe>0x7cfc00</farbe>
  <xy-Eckpunkte>0,120, 0,200, 420,200, 460,180, 460,-5</xy-Eckpunkte>
</strompfad>
<strompfad>
  <zustandsNr>11,13,15,17,21,23,25,27,31,33,35,37</zustandsNr>
  <farbe>0x7cfc00</farbe>
  <xy-Eckpunkte>460,-5, 460,180, 420,200, 0,200, 0,120</xy-Eckpunkte>
</strompfad>

<!-- Phase T ueber unteren Schalter -->
<strompfad>
  <zustandsNr>40,42,44,46,50,52,54,56,60,62,64,66</zustandsNr>
  <farbe>0x7cfc00</farbe>
  <xy-Eckpunkte>0,120, 0,200, 420,200, 460,220, 460,245</xy-Eckpunkte>
</strompfad>
<strompfad>
  <zustandsNr>10,12,14,16,20,22,24,26,30,32,34,36</zustandsNr>
  <farbe>0x7cfc00</farbe>
  <xy-Eckpunkte>460,245, 460,220, 420,200, 0,200, 0,120</xy-Eckpunkte>
</strompfad>


</KonfigStrompfadAnime>

