Ref Des,Qty,Value / Description,Package / Footprint,Mfr Part #,DigiKey Search Term,DigiKey Category,Suggested Spec,Notes,
Capacitors,,,,,,,,,
C14; C33,2,220nF,0603 SMD,GRM188R71H224KA93D,220nF 0603 50V X7R,Capacitors,50V X7R ±10%,,
C3; C6,2,4.7µF,0805 SMD,GRM32ER61A475KA87L,4.7uF 0805 10V X5R,Capacitors,10V+ X5R ±20%,,
C11; C26,2,22µF,0805 SMD,GRM21BR60J226ME39L,22uF 0805 6.3V X5R,Capacitors,6.3V+ X5R ±20%,,
C10; C25,2,10µF,1206 SMD,GRM31CR61A106KA01L,10uF 1206 10V X5R,Capacitors,10V+ X5R ±20%,LDO output caps,
C2,1,15µF,1206 SMD,GRM31CR61A156KE15L,15uF 1206 10V X5R,Capacitors,10V+ X5R ±20%,Buck output cap,
C16; C20; C31; C34,4,47µF,1206 SMD,GRM31CR60J476ME19L,47uF 1206 6.3V X5R,Capacitors,6.3V+ X5R ±20%,eFuse / bulk bypass,
C28,1,15µF,1210 SMD,GRM32ER61A156KE20L,15uF 1210 10V X5R,Capacitors,10V+ X5R ±20%,Buck output cap,
C29,1,200µF,THT Radial D8.0mm P3.5mm,ECA-1HHG221,200uF 50V radial THT,Capacitors,50V electrolytic,Bulk input cap,
Diodes,,,,,,,,,
D1; D47,2,SBR1U200P1,PowerDI-123,SBR1U200P1-7,SBR1U200P1,Diodes,200V 1A Schottky,Rectifier/clamp,
D2,1,CUHZ24V,SOD-923 (TUMD2),,,Zener Diodes,,Zener value not set in schematic — confirm voltage,
Resistors — 0402,,,,,,,,,
R4,1,750kΩ,0402 SMD,RC0402FR-07750KL,750k 0402 1%,Resistors,1% 1/16W,Buck feedback divider,
R5,1,243kΩ,0402 SMD,RC0402FR-07243KL,243k 0402 1%,Resistors,1% 1/16W,Buck feedback divider,
R6; R30,2,22.1kΩ,0402 SMD,RC0402FR-0722K1L,22.1k 0402 1%,Resistors,1% 1/16W,Buck feedback divider,
R7,1,1.37MΩ,0402 SMD,RC0402FR-071M37L,1.37M 0402 1%,Resistors,1% 1/16W,Buck feedback divider,
R8,1,191kΩ,0402 SMD,RC0402FR-07191KL,191k 0402 1%,Resistors,1% 1/16W,Buck feedback divider,
R20,1,294kΩ,0402 SMD,RC0402FR-07294KL,294k 0402 1%,Resistors,1% 1/16W,Buck feedback divider,
R29,1,88.7kΩ,0402 SMD,RC0402FR-0788K7L,88.7k 0402 1%,Resistors,1% 1/16W,Buck feedback divider,
Resistors — 0603,,,,,,,,,
R9,1,41kΩ,0603 SMD,RC0603FR-0741KL,41k 0603 1%,Resistors,1% 1/10W,,
R11; R15,2,51.1kΩ,0603 SMD,RC0603FR-0751K1L,51.1k 0603 1%,Resistors,1% 1/10W,,
R13,1,925kΩ,0603 SMD,RC0603FR-07925KL,925k 0603 1%,Resistors,1% 1/10W,,
R14,1,25kΩ,0603 SMD,RC0603FR-0725KL,25k 0603 1%,Resistors,1% 1/10W,,
R17; R19; R23; R28,4,22kΩ,0603 SMD,RC0603FR-0722KL,22k 0603 1%,Resistors,1% 1/10W,,
R26,1,20kΩ,0603 SMD,RC0603FR-0720KL,20k 0603 1%,Resistors,1% 1/10W,,
FB2,1,300Ω (ferrite bead),0603 SMD,BLM18PG300SN1D,300R ferrite bead 0603,Ferrite Beads,300Ω @ 100MHz,,
Resistors — 1206,,,,,,,,,
R3; R10; R21; R22; R33,5,4.7kΩ,1206 SMD,RC1206FR-074K7L,4.7k 1206 1%,Resistors,1% 1/4W,,
Resistors — 1210,,,,,,,,,
R1; R2,2,4.7kΩ,1210 SMD,RC1210FR-074K7L,4.7k 1210 1%,Resistors,1% 1/2W,,
Resistors — footprint unset,,,,,,,,eFuse divider,
R12,1,1kΩ,Unknown — footprint not set,,1k 0603 1%,Resistors,1% 1/10W,eFuse divider,
R16,1,100kΩ,Unknown — footprint not set,,100k 0603 1%,Resistors,1% 1/10W,eFuse divider,
R31,1,13.75kΩ,Unknown — footprint not set,,13.75k 0603 1%,Resistors,1% 1/10W,Voltage divider / pull-up,
R32,1,186.25kΩ,Unknown — footprint not set,,186k 0603 1%,Resistors,1% 1/10W,,
Connectors,,,,,,,,USB power filtering,
J2,1,USB-C Receptacle (GCT USB4105),Top-mount horizontal 16P,USB4105-GF-A,GCT USB4105-GF-A,USB Connectors,USB 2.0 Type-C receptacle,,
J3,1,Barrel Jack (Tensility 54-00130),Horizontal PCB mount,54-00130,Tensility 54-00130 barrel jack,Power Connectors,5.5mm OD / 2.1mm ID,,
ICs,,,,,,,,,
U1,1,TPS16411DRCR,VSON-10 3x3mm,TPS16411DRCR,TPS16411DRCR,eFuse ICs,4.5–18V 2.5A eFuse,Footprint missing in schematic — verify,
U2,1,OXETDLJANF-8MHz,SMD oscillator,OXETDLJANF,OXETDLJANF 8MHz oscillator,Oscillators,8MHz CMOS oscillator,,
U3,1,USBLC6-2SC6,SOT-23-6,USBLC6-2SC6Y,USBLC6-2SC6,ESD Protection,USB ESD protection,1.00mm pitch vertical,Pin headers — 1.0mm pitch (not 2.54mm)
U4; U6,2,TPS560430YQDBVRQ1,SOT-23-6,TPS560430YQDBVRQ1,TPS560430YQDBVRQ1,DC-DC Buck Converters,4.5–17V in / adj out / 600mA,1.00mm pitch vertical,Pin headers — 1.0mm pitch
U7; U8,2,AZ1117IH-3.3,SOT-223-3,AZ1117IH-3.3TRE1,AZ1117IH-3.3,LDO Regulators,3.3V output 800mA LDO,,
U13,1,STM32G491VETx,LQFP-100 14x14mm 0.5mm pitch,STM32G491VETx,STM32G491VETx,Microcontrollers,STM32G4 series MCU,Phoenix screw terminal,